before,after
95.611354, 73.315706
94.32807, 69.178804
93.902151, 69.2404
93.855154, 69.478478
93.807063, 68.48778
93.814651, 69.954439
94.033263,69.075867
94.61319,69.00854
95.394697,69.251052
93.766586,68.918852
94.185053,69.757268
93.908159,69.338028
94.351525,68.912414
94.292179,69.931906
93.885508,70.51178
93.908859,69.020069
93.855433,69.458451
93.891461,69.701013
93.923999,69.10096
93.818683,69.193234
93.843138,69.36806